{
  "engineeringBranches": [
    {
      "name": "Computer Science Engineering",
      "description": "Study of computers, algorithms, software development, and computational systems",
      "suitability": "Excellent for PCM + CS students",
      "careerProspects": "Software Engineer, Data Scientist, AI/ML Engineer, Systems Architect"
    },
    {
      "name": "Software Engineering",
      "description": "Focus on software design, development, testing, and maintenance",
      "suitability": "Perfect for PCM + CS students",
      "careerProspects": "Software Developer, DevOps Engineer, Full Stack Developer"
    },
    {
      "name": "Computer Engineering",
      "description": "Combination of electrical engineering and computer science",
      "suitability": "Excellent for PCM + CS students",
      "careerProspects": "Hardware Engineer, Embedded Systems Engineer, IoT Developer"
    },
    {
      "name": "Electronics & Communication Engineering",
      "description": "Study of electronic devices, circuits, and communication systems",
      "suitability": "Very suitable for PCM students",
      "careerProspects": "Electronics Engineer, Telecommunications Engineer, Network Engineer"
    },
    {
      "name": "Artificial Intelligence & Machine Learning",
      "description": "Focus on AI algorithms, neural networks, and intelligent systems",
      "suitability": "Excellent for PCM + CS students",
      "careerProspects": "AI Engineer, ML Engineer, Research Scientist, Data Analyst"
    },
    {
      "name": "Data Science & Engineering",
      "description": "Analysis and interpretation of complex data using computational methods",
      "suitability": "Perfect for PCM + CS students",
      "careerProspects": "Data Scientist, Business Analyst, Data Engineer"
    },
    {
      "name": "Cybersecurity Engineering",
      "description": "Protection of computer systems and networks from cyber threats",
      "suitability": "Excellent for PCM + CS students",
      "careerProspects": "Security Analyst, Ethical Hacker, Security Architect"
    },
    {
      "name": "Electrical Engineering",
      "description": "Study of electrical systems, power generation, and electronics",
      "suitability": "Suitable for PCM students",
      "careerProspects": "Electrical Engineer, Power Systems Engineer, Control Systems Engineer"
    },
    {
      "name": "Mechanical Engineering",
      "description": "Design and manufacturing of mechanical systems and machines",
      "suitability": "Suitable for PCM students",
      "careerProspects": "Mechanical Engineer, Automotive Engineer, Manufacturing Engineer"
    },
    {
      "name": "Aerospace Engineering",
      "description": "Design and development of aircraft and spacecraft",
      "suitability": "Suitable for PCM students",
      "careerProspects": "Aerospace Engineer, Aircraft Designer, Space Systems Engineer"
    },
    {
      "name": "Civil Engineering",
      "description": "Design and construction of infrastructure and buildings",
      "suitability": "Suitable for PCM students",
      "careerProspects": "Civil Engineer, Structural Engineer, Construction Manager"
    },
    {
      "name": "Chemical Engineering",
      "description": "Application of chemistry and physics to industrial processes",
      "suitability": "Suitable for PCM students",
      "careerProspects": "Chemical Engineer, Process Engineer, Materials Engineer"
    }
  ],
  "scholarshipsByRegion": {
    "Asia": [
      {
        "name": "NUS Science & Technology Undergraduate Scholarship",
        "country": "Singapore",
        "university": "National University of Singapore",
        "level": "Undergraduate",
        "coverage": "Full (tuition, fees, living costs)",
        "eligibility": "Outstanding students from all Asian countries excluding Singapore",
        "applicationRequired": "No separate application",
        "deadline": "Automatic consideration",
        "website": "https://www.nus.edu.sg"
      },
      {
        "name": "Shell Malaysia Scholarship",
        "country": "Malaysia",
        "university": "Various",
        "level": "A-level and Undergraduate",
        "coverage": "Varies based on performance",
        "eligibility": "Strong academic performance",
        "applicationRequired": "Yes",
        "deadline": "Check website",
        "website": "https://www.shell.com.my"
      },
      {
        "name": "Gamuda Scholarship",
        "country": "Malaysia",
        "university": "Various",
        "level": "Undergraduate",
        "coverage": "Up to 100% tuition",
        "eligibility": "Financial need, work obligation after graduation",
        "applicationRequired": "Yes",
        "deadline": "Check website",
        "website": "https://www.gamuda.com.my"
      }
    ],
    "Europe": [
      {
        "name": "TUM Engineering Programs",
        "country": "Germany",
        "university": "Technical University of Munich",
        "level": "Bachelor's and Master's",
        "coverage": "Low tuition (€2,000-€3,000/semester for Bachelor's)",
        "eligibility": "International students; scholarships and waivers available",
        "applicationRequired": "Yes",
        "deadline": "Varies by program",
        "website": "https://www.tum.de"
      },
      {
        "name": "TU Delft Excellence Scholarships",
        "country": "Netherlands",
        "university": "Delft University of Technology",
        "level": "Master's",
        "coverage": "Partial to full tuition",
        "eligibility": "Geosciences and civil engineering students",
        "applicationRequired": "Yes",
        "deadline": "Check website",
        "website": "https://www.tudelft.nl"
      },
      {
        "name": "University of Twente Scholarships (UTS)",
        "country": "Netherlands",
        "university": "University of Twente",
        "level": "Master's",
        "coverage": "Varies",
        "eligibility": "International students",
        "applicationRequired": "Yes",
        "deadline": "1 Feb/1 May 2026",
        "website": "https://www.utwente.nl"
      },
      {
        "name": "NL Scholarship",
        "country": "Netherlands",
        "university": "Various Dutch universities",
        "level": "Bachelor's/Master's",
        "coverage": "€5,000",
        "eligibility": "Non-EEA international students",
        "applicationRequired": "Yes",
        "deadline": "1 Feb/1 May 2026",
        "website": "https://www.nuffic.nl"
      },
      {
        "name": "Chalmers IPOET Scholarships",
        "country": "Sweden",
        "university": "Chalmers University of Technology",
        "level": "Master's",
        "coverage": "75-100% tuition reduction",
        "eligibility": "International students",
        "applicationRequired": "Yes",
        "deadline": "15 Jan 2026",
        "website": "https://www.chalmers.se"
      },
      {
        "name": "Swedish Institute Scholarships",
        "country": "Sweden",
        "university": "Various Swedish universities",
        "level": "Master's",
        "coverage": "Full (tuition, living expenses, travel)",
        "eligibility": "Global professionals",
        "applicationRequired": "Yes",
        "deadline": "15 Jan/25 Feb 2026",
        "website": "https://si.se"
      },
      {
        "name": "BTH Scholarships",
        "country": "Sweden",
        "university": "Blekinge Institute of Technology",
        "level": "Master's",
        "coverage": "Tuition reduction",
        "eligibility": "International students",
        "applicationRequired": "Yes",
        "deadline": "15 Jan 2026",
        "website": "https://www.bth.se"
      },
      {
        "name": "Eiffel Scholarships",
        "country": "France",
        "university": "Various French universities",
        "level": "Master's/PhD",
        "coverage": "€1,400/month + benefits",
        "eligibility": "International students",
        "applicationRequired": "Yes",
        "deadline": "8 Jan 2026",
        "website": "https://www.campusfrance.org"
      },
      {
        "name": "UCL Global Undergraduate Scholarships",
        "country": "United Kingdom",
        "university": "University College London",
        "level": "Bachelor's",
        "coverage": "Varies",
        "eligibility": "International students",
        "applicationRequired": "Yes",
        "deadline": "27 Apr 2026",
        "website": "https://www.ucl.ac.uk"
      },
      {
        "name": "Imperial College London PhD Scholarships",
        "country": "United Kingdom",
        "university": "Imperial College London",
        "level": "PhD",
        "coverage": "Full funding",
        "eligibility": "Outstanding engineering students",
        "applicationRequired": "Yes",
        "deadline": "Varies",
        "website": "https://www.imperial.ac.uk"
      },
      {
        "name": "University of Manchester Engineering Scholarships",
        "country": "United Kingdom",
        "university": "University of Manchester",
        "level": "Undergraduate",
        "coverage": "Varies",
        "eligibility": "Domestic and international students",
        "applicationRequired": "Yes",
        "deadline": "Check website",
        "website": "https://www.manchester.ac.uk"
      },
      {
        "name": "Commonwealth Scholarships",
        "country": "United Kingdom",
        "university": "Various UK universities",
        "level": "Master's/PhD",
        "coverage": "Full funding",
        "eligibility": "Developing Commonwealth countries",
        "applicationRequired": "Yes",
        "deadline": "14 Oct 2025 (closed)",
        "website": "https://cscuk.fcdo.gov.uk"
      },
      {
        "name": "Nottingham Developing Solutions Scholarships",
        "country": "United Kingdom",
        "university": "University of Nottingham",
        "level": "Master's",
        "coverage": "Full or partial tuition",
        "eligibility": "Developing countries",
        "applicationRequired": "Yes",
        "deadline": "15 April 2026",
        "website": "https://www.nottingham.ac.uk"
      },
      {
        "name": "ETH Zurich Excellence Scholarships",
        "country": "Switzerland",
        "university": "ETH Zurich",
        "level": "Master's",
        "coverage": "Full tuition + living expenses",
        "eligibility": "Outstanding international students",
        "applicationRequired": "Yes",
        "deadline": "15 Dec (annual)",
        "website": "https://ethz.ch"
      }
    ],
    "North America": [
      {
        "name": "MIT Need-Based Financial Aid",
        "country": "United States",
        "university": "Massachusetts Institute of Technology",
        "level": "Undergraduate",
        "coverage": "Up to 100% of demonstrated need",
        "eligibility": "Need-blind admissions for all applicants",
        "applicationRequired": "Yes (with admission)",
        "deadline": "Admission deadlines",
        "website": "https://www.mit.edu"
      },
      {
        "name": "Stanford Financial Aid",
        "country": "United States",
        "university": "Stanford University",
        "level": "Undergraduate",
        "coverage": "Need-based, up to full cost",
        "eligibility": "International students with financial need",
        "applicationRequired": "Yes (with admission)",
        "deadline": "Admission deadlines",
        "website": "https://www.stanford.edu"
      },
      {
        "name": "Caltech Financial Aid",
        "country": "United States",
        "university": "California Institute of Technology",
        "level": "Undergraduate",
        "coverage": "Need-based financial aid",
        "eligibility": "International students",
        "applicationRequired": "Yes (with admission)",
        "deadline": "Admission deadlines",
        "website": "https://www.caltech.edu"
      },
      {
        "name": "University of Toronto International Scholarships",
        "country": "Canada",
        "university": "University of Toronto",
        "level": "Undergraduate",
        "coverage": "Full 4-year scholarships",
        "eligibility": "Exceptional academic achievement and leadership",
        "applicationRequired": "Automatic consideration",
        "deadline": "With admission",
        "website": "https://www.utoronto.ca"
      },
      {
        "name": "University of Waterloo Engineering Scholarships",
        "country": "Canada",
        "university": "University of Waterloo",
        "level": "Undergraduate",
        "coverage": "$10,000 (20 scholarships)",
        "eligibility": "International students",
        "applicationRequired": "Automatic consideration",
        "deadline": "With admission",
        "website": "https://uwaterloo.ca"
      }
    ],
    "Oceania": [
      {
        "name": "Melbourne International Undergraduate Scholarship",
        "country": "Australia",
        "university": "University of Melbourne",
        "level": "Bachelor's",
        "coverage": "$10,000-$56,000 (3 years)",
        "eligibility": "High-achieving international students",
        "applicationRequired": "Automatic consideration",
        "deadline": "With admission",
        "website": "https://www.unimelb.edu.au"
      },
      {
        "name": "UWA Global Excellence Scholarship",
        "country": "Australia",
        "university": "University of Western Australia",
        "level": "Undergraduate",
        "coverage": "Up to AUD$48,000 over 4 years",
        "eligibility": "International students",
        "applicationRequired": "Yes",
        "deadline": "Check website",
        "website": "https://www.uwa.edu.au"
      },
      {
        "name": "University of Sydney Engineering Scholarships",
        "country": "Australia",
        "university": "University of Sydney",
        "level": "Undergraduate",
        "coverage": "Varies",
        "eligibility": "International engineering students",
        "applicationRequired": "Yes",
        "deadline": "Check website",
        "website": "https://www.sydney.edu.au"
      },
      {
        "name": "Australia APEC Women in Research Fellowships",
        "country": "Australia",
        "university": "Various",
        "level": "Research",
        "coverage": "Merit-based",
        "eligibility": "Women from APEC countries",
        "applicationRequired": "Yes",
        "deadline": "Check website",
        "website": "https://www.science.org.au"
      }
    ],
    "Worldwide": [
      {
        "name": "Amelia Earhart Fellowship",
        "country": "Worldwide",
        "university": "Any accredited university",
        "level": "Doctorate/PhD",
        "coverage": "$10,000",
        "eligibility": "Women in aerospace and engineering",
        "applicationRequired": "Yes",
        "deadline": "15 Nov (annual)",
        "website": "https://www.zonta.org"
      },
      {
        "name": "Schlumberger Foundation Faculty for the Future",
        "country": "Worldwide",
        "university": "Universities worldwide",
        "level": "Postgraduate",
        "coverage": "Full funding",
        "eligibility": "Women in STEM from developing countries",
        "applicationRequired": "Yes",
        "deadline": "Check website",
        "website": "https://www.slb.com/foundation"
      }
    ]
  },
  "topUniversities": [
    {
      "name": "Massachusetts Institute of Technology (MIT)",
      "country": "United States",
      "ranking": 1,
      "strengths": ["Computer Science", "Electrical Engineering", "Mechanical Engineering", "Aerospace"],
      "financialAid": "Need-blind, up to 100% need met",
      "website": "https://www.mit.edu"
    },
    {
      "name": "Stanford University",
      "country": "United States",
      "ranking": 2,
      "strengths": ["Computer Science", "Electrical Engineering", "Software Engineering"],
      "financialAid": "Need-based for international students",
      "website": "https://www.stanford.edu"
    },
    {
      "name": "University of California, Berkeley",
      "country": "United States",
      "ranking": 3,
      "strengths": ["Computer Science", "Electrical Engineering", "Civil Engineering"],
      "financialAid": "Limited for international students",
      "website": "https://www.berkeley.edu"
    },
    {
      "name": "Carnegie Mellon University",
      "country": "United States",
      "ranking": 4,
      "strengths": ["Computer Science", "Software Engineering", "Robotics"],
      "financialAid": "Need-based available",
      "website": "https://www.cmu.edu"
    },
    {
      "name": "ETH Zurich",
      "country": "Switzerland",
      "ranking": 5,
      "strengths": ["All Engineering Fields", "Computer Science"],
      "financialAid": "Excellence scholarships for Master's",
      "website": "https://ethz.ch"
    },
    {
      "name": "University of Cambridge",
      "country": "United Kingdom",
      "ranking": 6,
      "strengths": ["Engineering", "Computer Science"],
      "financialAid": "Various scholarships available",
      "website": "https://www.cam.ac.uk"
    },
    {
      "name": "Imperial College London",
      "country": "United Kingdom",
      "ranking": 7,
      "strengths": ["All Engineering Fields", "Computer Science"],
      "financialAid": "Scholarships available",
      "website": "https://www.imperial.ac.uk"
    },
    {
      "name": "National University of Singapore",
      "country": "Singapore",
      "ranking": 8,
      "strengths": ["Computer Science", "Engineering"],
      "financialAid": "Full scholarships for Asian students",
      "website": "https://www.nus.edu.sg"
    },
    {
      "name": "Nanyang Technological University",
      "country": "Singapore",
      "ranking": 9,
      "strengths": ["Engineering", "Computer Science"],
      "financialAid": "Various scholarships",
      "website": "https://www.ntu.edu.sg"
    },
    {
      "name": "Technical University of Munich",
      "country": "Germany",
      "ranking": 10,
      "strengths": ["All Engineering Fields", "Computer Science"],
      "financialAid": "Low tuition + scholarships available",
      "website": "https://www.tum.de"
    }
  ],
  "applicationTips": [
    "Start researching and preparing at least 12-18 months before intended start date",
    "Maintain excellent grades in Physics, Chemistry, Mathematics, and Computer Science",
    "Prepare for standardized tests (SAT, ACT for US; other requirements vary by country)",
    "Build strong extracurricular profile with leadership roles and STEM activities",
    "Gain relevant experience through coding projects, competitions, internships",
    "Apply to multiple universities and scholarships to maximize chances",
    "Research visa requirements and processing times for target countries",
    "Consider cost of living in addition to tuition fees when choosing destinations",
    "For need-based aid, prepare detailed financial documentation",
    "Write compelling personal statements highlighting your passion for engineering"
  ]
}
